,Title,Years,CAGR,Min. Amount,Risk,Free?,Description,Links,Manager
0,All Weather Investing,4,11.37,5571,Low Volatility,True,One investment for all market conditions. Works for everyone,/smallcase/all-weather-investing-SCAW_0001, Windmill Capital
1,Top 100 Stocks,4,15.43,2183,Med. Volatility,True,India's most powerful companies in one portfolio. Solid stability,/smallcase/top-100-stocks-SCET_0004, Windmill Capital
2,Dividend Aristocrats,6,22.49,41792,Med. Volatility,True,Companies that have been consistently increasing dividends. Extra goodness,/smallcase/dividend-aristocrats-SCMO_0014, Windmill Capital
3,Equity & Gold,4,16.45,283,Low Volatility,True,"Create wealth with equities, stay protected with Gold. The sweet spot",/smallcase/equity-and-gold-SCET_0005, Windmill Capital
4,CANSLIM-esque,5,24.54,40000,Med. Volatility,False,"Efficiently managed growing companies experiencing positive momentum, screened using CANSLIM methodology",/smallcase/canslim-esque-SCMO_0029, Windmill Capital
5,Green Energy,1,85.41,54548,High Volatility,False,"A portfolio of stocks, which will get benefit from the RE sector development. Rec amount > 1 lac",/smallcase/green-energy-portfolio-NIVTR_0001, Niveshaay
6,Rising Rural Demand,6,15.8,55972,Med. Volatility,True,Companies that stand to benefit from increasing rural consumption,/smallcase/rising-rural-demand-SCNM_0012, Windmill Capital
7,Speciality Chemicals,6,19.23,84100,Med. Volatility,False,Companies producing sophisticated chemicals for specific purposes. The dark horse,/smallcase/speciality-chemicals-SCNM_0019, Windmill Capital
8,Wright ⚡️ Momentum,2,60.71,60142,High Volatility,False,Momentum investing! Invest in trending stocks.  Rec Amt: > 1 lac,/smallcase/wright-momentum-WRTNM_0001, Wright Research
9,Value & Momentum,6,23.26,16645,High Volatility,False,Positive momentum stocks available at a discount to their peers,/smallcase/value-and-momentum-SCMO_0010, Windmill Capital
10,High Quality Right Price,2,67.77,22548,High Volatility,False,"Invest in stocks that will benefit from Aatma Nirbhar Bharat theme! (Rec amt 5-10 lakhs)
",/smallcase/%22high-quality-right-price%22-multibagger-portfolio-GPRMO_0003, Green Portfolio
11,Dividend Stars,6,22.44,36883,Med. Volatility,False,High dividend yield companies with a track record of not cutting dividends,/smallcase/dividend-stars-SCMO_0013, Windmill Capital
12,IT Tracker,6,22.04,64816,Med. Volatility,True,Companies to efficiently track and invest in the IT sector,/smallcase/it-tracker-SCTR_0006, Windmill Capital
13,Mid and Small Cap Focused Portfolio,3,49.05,23324,Med. Volatility,False,This portfolio contains mid and small cap size companies available at reasonable valuations with strong market hold.,/smallcase/mid-and-small-cap-focused-portfolio-NIVMO_0001, Niveshaay
14,Pharma Tracker,6,10.7,32743,Med. Volatility,True,Companies to efficiently track and invest in the pharma sector,/smallcase/pharma-tracker-SCTR_0009, Windmill Capital
15,TAARE ZAMEEN PAR,2,66.99,1143,Low Volatility,False,"STAYVAN introduces (1st time in India), Upfront + Sip strategy for investing directly in stocks.  ",/smallcase/taare-zameen-par-the-stayvan-sip-way-SYVMO_0003, Stayvan
16,The PE List,6,17.39,45625,Med. Volatility,True,Companies in which PE and VC firms have high shareholding,/smallcase/the-pe-list-SCMO_0024, Windmill Capital
17,The Great Indian Middle Class,6,17.95,88176,Med. Volatility,True,Companies focused on the growing middle class. Running India's consumption engine,/smallcase/the-great-indian-middle-class-SCNM_0010, Windmill Capital
18,Listed Venture Capital,3,50.5,43753,Low Volatility,False,Venture Capital style investments into small listed companies with quality governance board & quality earnings poised to grow,/smallcase/listed-venture-capital-LTDMO_0001, Lotusdew Wealth
19,Brand Value,6,18.12,64501,Med. Volatility,False,Companies that own India's everyday brands. Top consumer favorites,/smallcase/brand-value-SCNM_0007, Windmill Capital
20,Mi_MT_Allcap ,4,35.39,85512,Low Volatility,False,20 stocks popular momentum all cap portfolio | Universe Mktcap > 1000 cr | Recommended size 5-15L,/smallcase/mi_mt_allcap-WKIMO_0004, Weekend Investing
21,Growth & Income,6,19.9,41185,Med. Volatility,True,Efficiently managed dividend paying companies screened using Kevin Matras' criteria,/smallcase/growth-and-income-SCMO_0026, Windmill Capital
22,The Naked Trader,6,18.94,42621,Med. Volatility,True,Low-debt companies showing healthy growth. Criteria set by top trader Robbie Burns,/smallcase/the-naked-trader-SCMO_0016, Windmill Capital
23,Quality - Smart Beta,4,10.6,60198,Med. Volatility,False,Established companies that have stood the test of time. Timeless classics,/smallcase/quality-smart-beta-SCSB_0004, Windmill Capital
24,Insurance Tracker,5,2.1,5094,Med. Volatility,True,Companies to efficiently track and invest in the insurance sector,/smallcase/insurance-tracker-SCTR_0011, Windmill Capital
25,Capitalmind Momentum,3,32.21,70598,Low Volatility,False,Up to 25 stocks selected based on sharpe ratios and liquidity. Maximum investable up to 20L. ,/smallcase/capitalmind-momentum-CMMO_0001, Capitalmind
26,Electric Mobility,5,5.83,106832,Med. Volatility,True,Companies driving India's transition to electric vehicles. Transport's new era,/smallcase/electric-mobility-SCNM_0025, Windmill Capital
27,MWM (MysticWealth Momentum),2,44.14,201985,Low Volatility,False,An Automated Momentum Model Portfolio of 20 stocks. Recommended size (2-20 lakhs) ,/smallcase/mwm-(mysticwealth-momentum)-MWMO_0002, Mystic Wealth
28,Safe Haven,6,16.27,30309,Med. Volatility,True,"Low beta stocks that are rated ‘BUY’, to help protect against market volatility",/smallcase/safe-haven-SCMO_0015, Windmill Capital
29,Cyclical Bets Smallcase,1,54.06,50000,Low Volatility,False,This smallcase focusses on cyclical sectors which have staged a turnaround and expected to do well.,/smallcase/cyclical-bets-portfolio-AURMO_0001, Aurum
30,Horizon 2055,2,11.81,8635,Low Volatility,True,Optimizes investment value for goals to be achieved in 2055,/smallcase/retirement-2055-SCET_0021, Windmill Capital
31,Horizon 2050,2,10.86,5063,Low Volatility,True,Optimizes investment value for goals to be achieved in 2050,/smallcase/retirement-2050-SCET_0020, Windmill Capital
32,Horizon 2045,2,9.92,3443,Low Volatility,True,Optimizes investment value for goals to be achieved in 2045,/smallcase/retirement-2045-SCET_0019, Windmill Capital
33,Horizon 2040,2,8.97,2826,Low Volatility,True,Optimizes investment value for goals to be achieved in 2040 ,/smallcase/retirement-2040-SCET_0018, Windmill Capital
34,Horizon 2035,2,8.04,2301,Low Volatility,True,Optimizes investment value for goals to be achieved in 2035 ,/smallcase/retirement-2035-SCET_0017, Windmill Capital
35,Horizon 2030,2,7.11,8823,Low Volatility,True,Optimizes investment value for goals to be achieved in 2030 ,/smallcase/retirement-2030-SCET_0016, Windmill Capital
36,Top 250 Stocks,1,16.43,1188,Med. Volatility,True,Stability of large caps combined with growth potential of mid caps,/smallcase/top-250-stocks-SCET_0015, Windmill Capital
37,House of Tata,1,44.12,90508,Low Volatility,True,"Companies part of Tata group, a global enterprise with stellar reputation & legacy of 150+ years",/smallcase/house-of-tata-SCTR_0014, Windmill Capital
38,Growth at a Fair Price,6,13.93,4526,High Volatility,False,High growth companies that are available at fair valuations ,/smallcase/growth-at-a-fair-price-SCMO_0003, Windmill Capital
39,Realty Tracker,6,23.58,10615,High Volatility,True,Companies to efficiently track and invest in the realty sector,/smallcase/realty-tracker-SCTR_0010, Windmill Capital
40,NG5050  Momentum,2,11.93,373,Low Volatility,True,A FREE long term monthly rebalanced 50 50 portfolio of Gold and Nifty ETF CAGR>10%,/smallcase/ng5050-portfolio-WKIET_0001, Weekend Investing
41,Mi_NNF10  Momentum,2,35.77,45504,High Volatility,False,10 stock Rotational Momentum Monthly rebalance. NNF50 index. Recommended size 3-15Lacs ,/smallcase/mi_nnf10-WKIMO_0009, Weekend Investing
42,Digital Inclusion,6,15.46,18282,High Volatility,True,Companies spearheading and benefitting from the digital revolution in India,/smallcase/digital-inclusion-SCNM_0014, Windmill Capital
43,Teji Mandi Flagship,2,36.38,23257,High Volatility,False,Concentrated portfolio of 15-20 stocks that blends short term tactical bets with long term winners,/smallcase/teji-mandi-TJPMO_0001, Teji Mandi
44,ARQ Prime ,6,29.2,41589,Med. Volatility,True,15 stock portfolio selected based on multi factor model and quantitative analytics ,/smallcase/arq-prime-by-angel-broking-AGBMO_0012, Angel One
45,Equity & Debt,1,10.4,3064,Low Volatility,True,A unique 2-in-1 portfolio of equity & debt suitable for low risk wealth creation,/smallcase/equity-and-debt-SCET_0013, Windmill Capital
46,Quality Smallcap - Smart Beta,2,33.15,32433,High Volatility,False,Quality smallcap stocks with positive momentum trends,/smallcase/quality-smallcap-smart-beta-SCMO_0041, Windmill Capital
47,Banking Tracker,6,10.35,11972,High Volatility,True,Companies to efficiently track and invest in the banking sector,/smallcase/banking-tracker-SCTR_0002, Windmill Capital
48,Low Risk - Smart Beta,4,12.45,70915,Low Volatility,False,A low volatile portfolio that aims for high returns. Passive investing with a twist,/smallcase/low-risk-smart-beta-SCSB_0003, Windmill Capital
49,High Dividend Yield and Capital Appreciation,2,55.44,36911,High Volatility,False,"Invest in High Dividend Yield and Growth Stocks (Rec amt 5-10 lakhs)
",/smallcase/high-dividend-yield-+-capital-appreciation-GPRMO_0004, Green Portfolio
50,Pickright Emerging Bluechip,1,17.2,550,Med. Volatility,True,Invest in Top 250 companies in India as per their market capitalization via ETFs. LC 50% + MC 50%,/smallcase/india's-top-250-PKRET_0001, Pickright
51,FMCG Tracker,6,12.99,37606,Med. Volatility,True,Companies to efficiently track and invest in the FMCG sector ,/smallcase/fmcg-tracker-SCTR_0004, Windmill Capital
52,House of HDFC,1,-12.5,10108,Low Volatility,True,"Companies part of HDFC group, a large conglomerate with businesses in the financial services sector",/smallcase/house-of-hdfc-SCTR_0015, Windmill Capital
53,Multiplier,1,51.04,35960,High Volatility,False,Concentrated portfolio of small and midcap stocks that are likely to show non-linear growth.,/smallcase/multiplier-TJPMO_0003, Teji Mandi
54,Mi_ST_ATH,3,40.04,76141,Low Volatility,False,10 stock Momentum portfolio on All Time High stocks : Recommended size 5-15L,/smallcase/mi_st_ath-WKIMO_0007, Weekend Investing
55,Mi20,1,13.81,68832,High Volatility,False,20 stock Rotational Momentum Portfolio on Mid and Small cap stocks. Recommended size 1-5L. ,/smallcase/mi20-WKIMO_0017, Weekend Investing
56,Smallcap Compounders,1,43.03,15478,High Volatility,False,"Invest in SmallCap stocks which can generate multifold returns (Rec amt 5-10 lakhs)
",/smallcase/smallcap-super-compounder-stocks-GPRMO_0006, Green Portfolio
57,Mr. Market,2,28.2,833,Med. Volatility,False,Investing in India's Top 100 Companies based on Market Capitalization through ETFs-Nifty 50 and Next Nifty 50 in Nippon.,/smallcase/mr.-market-JNMET_0001, Jainam
58,Metal Tracker,6,14.7,9533,High Volatility,True,Companies to efficiently track and invest in the metal sector,/smallcase/metal-tracker-SCTR_0008, Windmill Capital
59,Mi25 Smallcap,2,46.57,116592,High Volatility,False,25 stock Momentum Portfolio on Small cap stocks. Recommended size 5-15L,/smallcase/mi25-WKIMO_0008, Weekend Investing
60,Energy Tracker,6,13.37,25215,Med. Volatility,True,Companies to efficiently track and invest in the energy sector,/smallcase/energy-tracker-SCTR_0003, Windmill Capital
61,Mi ATH2,1,-14.66,36539,High Volatility,False,10 stock concentrated high risk portfolio chasing all time highs in stocks >500 cr mkt cap.,/smallcase/mi-ath2-WKIMO_0018, Weekend Investing
62,Infra Tracker,6,13.27,28757,Med. Volatility,True,Companies to efficiently track and invest in the infrastructure sector,/smallcase/infra-tracker-SCTR_0005, Windmill Capital
63,SmartNIFTY Index,2,37.15,59164,Med. Volatility,False,"Invest in the top 12-15 NIFTY stocks to ensure outperformance (Rec amt 10-15 lakhs)
",/smallcase/best-nifty-(bluechip)-companies-%22hqrp-philosophy%22-GPRET_0002, Green Portfolio
64,Banking Privately,6,10.59,26145,High Volatility,True,Profitable NBFCs and private banks with low NPAs that are giving PSU banks a run for their money,/smallcase/banking-privately-SCNM_0008, Windmill Capital
65,Wright 🌱 Smallcaps ,2,32.42,43252,Low Volatility,False,Choice smallcaps to participate in the high growth smallcap rally.  Rec Amt: 1-20 lac,/smallcase/wright-smallcaps-satellite-portfolio-WRTMO_0007, Wright Research
66,Transporting India,6,10.25,59777,Med. Volatility,True,Rapidly growing logistics companies that are fueled by GDP revival and e-commerce growth,/smallcase/transporting-india-SCNM_0001, Windmill Capital
67,Flagship multi-factor strategy,1,50.64,159922,High Volatility,False,Using the power of Data Science to find undervalued companies which are  unlikely to reduce in price,/smallcase/flagship-multi-factor-fund-TOLMO_0001, Tolani Investments
68,Wright 💡 Innovation [AUM Based],1,33.12,54352,High Volatility,False,"Invest in Disruptive Innovation : Electric Mobility, Biotech, Ecommerce, Digital Revolution, Fintech",/smallcase/wright-innovation-WRTNM_0002, Wright Research
69,Mi35,1,7.68,187056,High Volatility,False,up to 35 stock Momentum Portfolio on Small cap stocks. Rec size 3.5-15L. ,/smallcase/mi35-WKIMO_0016, Weekend Investing
70,Gulaq Gear 6,2,64.65,24000,High Volatility,False,Growth oriented concentrated portfolio for Aggressive investors (100% Equity) with investment <2.5L ,/smallcase/estee-long-alpha-lite-(gear-4)-ESTMO_0001, Estee
71,Affordable Housing,5,11.47,40433,Med. Volatility,True,Companies participating in and benefiting from affordable housing projects ,/smallcase/affordable-housing-SCNM_0024, Windmill Capital
72,Straight Flush,6,12.47,31319,Med. Volatility,False,Quality stocks showing consistent earnings growth,/smallcase/straight-flush-SCMO_0007, Windmill Capital
73,Auto Tracker,6,8.6,43072,Med. Volatility,True,Companies to efficiently track and invest in the auto sector,/smallcase/auto-tracker-SCTR_0001, Windmill Capital
74,Multi National Companies (MNC) Advantage,1,29.35,36968,High Volatility,False,Invest in the best MNC's following our High-Quality Right Price philosophy (Rec amt 5-10 lakhs),/smallcase/best-multi-national-companies-(new)-GPRNM_0001, Green Portfolio
75,TQ_Minions,1,35.27,31659,High Volatility,False,"Non-Discretionary strategy to identify high momentum stocks from Midcap150, Smallcap250+Microcap250",/smallcase/tq_minions-TUQAMO_0006, TurtleQuants
76,Mi50,1,20.89,220701,Low Volatility,False,50 stock Momentum Portfolio on Small and Mid cap stocks. Recommended size 10-25L ,/smallcase/mi50-WKIMO_0011, Weekend Investing
77,Pocket Money Investing ,2,34.31,31715,High Volatility,False,"Now, anyone can BUY SHARES! Ideal for intelligent, small basket/SIP Investing ",/smallcase/pocket-money-investing-EHANM_0003, Ethical Advisers
78,GALAXY,1,15.13,11587,High Volatility,True,"The portfolio is a galaxy of fundamentally strong stocks with huge growth potential.

",/smallcase/galaxy-LAMMO_0004, LaMoksh
79,"Penny-stocks basket-1 (NSE,BSE stocks)",1,33.61,1432,Low Volatility,False,This portfolio is suitable for aggressive investors who can take high risk for high returns.,/smallcase/penny-stocks-basket-1-(nsebse-stocks)-SUSHMO_0002, SUMAN SHANDIL
80,High Performing MidCaps ,2,85.31,34950,High Volatility,False,High performing momentum stocks from MidCaps,/smallcase/high-performing-midcaps-STGMO_0005, Streetgains Research
81,Zero Debt,5,8.94,36258,Med. Volatility,True,"Zero debt, high ROE companies with an established track record of high earnings growth",/smallcase/zero-debt-SCMO_0027, Windmill Capital
82,Best-of-TATAs | LongTerm | Growth | Momentum,1,23.67,9798,High Volatility,False,Best-of-TATAs Portfolio based on Momentum and Growth indicators. Combination of Large and Mid-cap,/smallcase/best-of-tatas-or-longterm-or-growth-or-momentum-WEEMNM_0002, Wealthemoji LLP
83,House of Bajaj,1,17.38,50662,Low Volatility,True,"Companies part of Bajaj group, with footprint across a range of sectors",/smallcase/house-of-bajaj-SCTR_0013, Windmill Capital
84,Shariah - Power of 3 ETFs,1,10.64,5000,Med. Volatility,False,3 Shariah-compliant ETFs ,/smallcase/shariah-power-of-3-etfs-SNGET_0001, SenSage
85,Wright ⚡️Momentum [AUM based Fee],1,42.38,60142,High Volatility,False,"Momentum investing! Invest in trending stocks.

[Fee calculated as a % of AUM]  Rec Amt > 1 lac",/smallcase/wright-momentum-aum-based-fee-WRTMO_0008, Wright Research
86,Omni Capital Enablers,2,47.74,100000,High Volatility,False,Capital providers and enablers for large infrastructure development,/smallcase/omni-capital-enablers-OMNNM_0003, Omniscience Capital
87,The Resilient Pack  ,2,39.25,97287,Low Volatility,False,"An actively managed basket of resilient names, which tend to outperform a volatile market. ",/smallcase/the-resilient-pack-EHANM_0001, Ethical Advisers
88,Emerging Dominators plus (ED+) ,2,51.58,200000,High Volatility,False,Generate alpha equity returns by investing in 12 potential multi-bagger stocks.,/smallcase/emerging-dozen-plus-(ed+)-by-piper-serica-PSRNM_0002, Piper Serica
89,Enhancing Value,1,32.55,64856,High Volatility,False,The goal is to provide long-term capital appreciation by investing in a portfolio of upto 30 stocks.,/smallcase/enhancing-value-PREMO_0001, Prudent Equity
90,Omni Bharat Defence,2,33.47,17203,High Volatility,False,Defend Bharat with an attacking portfolio,/smallcase/omni-bharat-defence-OMNNM_0002, Omniscience Capital
91,Three Wise Kings Portfolio,1,38.19,4002,High Volatility,False,Active + Passive. One King (ETF) would be NIFTYBEES. Two kings (stocks) selected as per research.,/smallcase/three-wise-kings-portfolio-SOLMO_0002, Solomon Investments 
92,21G Trend Rider,2,45.69,86360,High Volatility,False,"""Pack of volatile stocks"" which generate substantial returns in the short-term period.",/smallcase/21g-trend-rider-TGIMO_0005, 21G Investments 
93,Metal Revival ,2,52.89,43279,High Volatility,False,"As global demand returns, the metal sector is likely to outperform broad indices. ",/smallcase/metal-revival-EHATR_0001, Ethical Advisers
94,Omni Supertrons – SuperNormal SmallCap SIP,2,30.57,50000,High Volatility,False,SIP portfolio of undiscovered SmallCap companies in their accelerating growth phase,/smallcase/omni-supertrons-supernormal-smallcap-sip-OMNMO_0004, Omniscience Capital
95,The Wisdom ETF Portfolio,2,25.29,1332,Low Volatility,False,The wisdom ETF portfolio revolves around making wise asset allocation bets in promising exchange traded funds listed on NSE,/smallcase/the-wisdom-etf-portfolio-SOLET_0001, Solomon Investments 
96,Dividend - Smart Beta,4,11.83,114882,Med. Volatility,False,Companies increasing their dividends on a consistent basis,/smallcase/dividend-smart-beta-SCSB_0001, Windmill Capital
97,Omni Knights – SuperNormal MidCap SIP,2,48.22,50000,High Volatility,False,SIP portfolio of emerging leaders in their aggressive growth phase,/smallcase/omni-knights-supernormal-midcap-sip-OMNMO_0003, Omniscience Capital
98,Punctilious One Value Multicap,2,72.09,35125,High Volatility,False,Long term value investing oriented multicap portfolio recommendations,/smallcase/punctilious-one-value-multicap-MADMO_0002, Punctilious One
99,TQ Prime AllCap,1,36.51,24497,High Volatility,False,Non-discretionary strategy that runs on Nifty500+microcap 250 index stocks. ,/smallcase/tq_prime15-TUQAMO_0004, TurtleQuants
100,Wealth Compounder ,2,22.95,200000,High Volatility,False,Multiply wealth by investing in natural compounders of earnings that produce above-average returns,/smallcase/wealth-compounder-by-piper-serica-PSRMO_0003, Piper Serica
101,Omni SuperStox – SuperNormal FlexiCaps,2,30.64,250000,Med. Volatility,False,A SuperNormal portfolio of Capital Multipliers – Grow with India Inc.,/smallcase/omni-superstox-supernormal-multicaps-OMNMO_0001, Omniscience Capital
102,Static Allocation,2,22.35,2481,Low Volatility,False,A passive investing strategy that invests 60% in equities and 40% in fixed income.,/smallcase/static-allocation-FBCET_0001, Flameback Capital
103,Omni DX - Digital Transformation,2,44.36,287704,High Volatility,False,"Fast growing Multi-Trillion-Dollar, Multi-Decadal theme providing Global diversification",/smallcase/omni-dx-digital-transformation-OMNNM_0001, Omniscience Capital
104,Top 10 Insider Trading,1,34.65,8769,High Volatility,False,Top 10 Insider Trading actively tracks Open Market Buying and Selling by Promoters,/smallcase/top-10-insider-trading-NOMNM_0003, Nooresh Merani
105,SABKA STAYVAN,1,-12.69,4409,High Volatility,False,"STAYVAN introduces (1st time in India), Upfront + Sip strategy for investing directly in stocks. ",/smallcase/multibaggers'-portfolio-SYVMO_0005, Stayvan
106,Omni Royals - SuperNormal LargeCap SIP,2,34.61,16172,Med. Volatility,False,SIP portfolio of dominant leaders capitalizing on large growth from ‘India Transformed 2030’,/smallcase/omni-royals-supernormal-largecap-sip-OMNMO_0002, Omniscience Capital
107,BETA BLOCKBUSTER,2,33.29,31488,Med. Volatility,False,High-Quality Multi-Cap Companies ideal for new investors for long term investing.,/smallcase/beta-blockbuster-MGOMO_0005, Marketgoogly
108,Growth At Reasonable Price,1,29.96,31957,Med. Volatility,False,This strategy aims to invest in a basket of stocks across market cap at reasonable prices.,/smallcase/growth-at-reasonable-price-PREMO_0002, Prudent Equity
109,Craving Alpha Core | Value Investing,2,48.25,44102,High Volatility,False,Invest in special situation & high-quality stocks with margin of safety,/smallcase/craving-alpha-core-CRALMO_0003, Craving Alpha
110,Growth - Multi Factor Tactical [AUM Based],3,27.1,62416,Med. Volatility,False,"Stable out-performance in all markets, for the high risk investor. Rec Amt: > 1 lac",/smallcase/growth-multi-factor-tactical-WRTMO_0004, Wright Research
111,Omni Power - Electrifying India,2,18.8,5000,High Volatility,False,Portfolio of companies Empowering every Indian household,/smallcase/omni-power-electrifying-india-OMNNM_0004, Omniscience Capital
112,Best Ideas Basket,2,31.72,90705,High Volatility,False,High conviction ideas across market-cap/sectors to help create wealth through alpha and compounding,/smallcase/best-ideas-portfolio-YSEMO_0001, Yellowstone Equity
113,Underdogs too will shine,1,41.48,22253,Med. Volatility,False,Capturing Alpha from Non-Belief to Dis-belief - Rec Amt 4-5L,/smallcase/underdogs-too-will-shine-AMBANM_0001, Ambareesh Baliga
114,Gulaq Gear 5,2,42.04,40000,Med. Volatility,False,"Growth oriented portfolio suited for Moderate to Agressive investors (80% Equity, 20% Debt ETF) ",/smallcase/estee-long-alpha-lite-(gear-3)-ESTMO_0002, Estee
115,21G Long Term Wealth Creation,2,42.36,184156,Med. Volatility,False,"""Stocks that live to tell their story"" in the long-term period are strategically picked!",/smallcase/21g-long-term-wealth-creation-TGIMO_0003, 21G Investments 
116,Abakkus Smart FlexiCap ,1,5.29,500000,Low Volatility,False,Predominantly within Top 250 companies with select smaller companies to generate alpha,/smallcase/abakkus-smart-flexi-cap-portfolio-ABKMO_0002, Abakkus Investment Advisors
117,Wright 🌱 Smallcaps  [AUM based pricing],1,19.86,43252,High Volatility,False,"Choice smallcaps to participate in the high growth smallcap rally
 Rec Amt: 1-10 lac",/smallcase/wright-smallcaps-aum-based-pricing-WRTMO_0009, Wright Research
118,Omni Super Dividend - High Income Portfolio,2,13.32,10000,Low Volatility,False,A portfolio of SuperNormal companies with SuperNormal Dividend Yields,/smallcase/omni-super-dividend-OMNMO_0005, Omniscience Capital
119,FtM - Momentum India,1,30.17,29657,Med. Volatility,False,Harness the power of AI to invest in a momentum portfolio with high predictive accuracy,/smallcase/momentum-investing-BWEMO_0003, InvestorAi
120,Candor Investing - Wealth Compounders,1,45.93,6714,High Volatility,False,We invest in a basket of 8-10 businesses that have a high growth potential.,/smallcase/candor-investing-wealth-compunders-UNVMO_0003, Candor Investing
121,21G Dark Horse,2,27.76,74304,Med. Volatility,False,"""Stocks we stalk that takes the weather"" and generate appreciable returns are listed here.",/smallcase/21g-dark-horse-TGIMO_0004, 21G Investments 
122,Wright 🤖 ETFs,1,1.09,2133,Low Volatility,False,"This is a dynamic medium-risk portfolio that allocates to equity, bonds, gold and international ETFs",/smallcase/tactical-etfs-WRTET_0001, Wright Research
123,Gulaq Wealth,2,56.9,250000,High Volatility,False,Well diversified portfolio for Aggressive investors (100% Equity) appropriate for portfolios >2.5L  ,/smallcase/estee-long-alpha-lite-(gear-4)-ESTMO_0004, Estee
124,TQ Champ Multicap,1,42.48,82881,High Volatility,False,Non-Discretionary strategy to identify high momentum stocks from Nifty500 universe,/smallcase/tq_champ-TUQAMO_0002, TurtleQuants
125,Passivee Wealthemoji,1,15.69,1183,Med. Volatility,False,Passivee Wealthemoji is a long-term investment strategy for creating wealth in long run.     ,/smallcase/passive-wealthemoji-WEEMET_0001, Wealthemoji LLP
126,AarnA Take-off,2,44.19,35059,Med. Volatility,False,AarnA Take-off invests in potential multi-baggers with strong fundamentals.,/smallcase/aarna-take-off-AAWENM_0001, Aarna Wealth
127,MULTI ASSETS,1,24.59,99311,Med. Volatility,False,Invest in Stocks + ETFs + Gold + Liquid + Others. The real MULTI ASSETS recommendations.,/smallcase/multi-assets-portfolio-SYVMO_0006, Stayvan
128,Mi30,1,11.83,239744,Low Volatility,False,30 stock Momentum portfolio from CNX500 universe. Recommended size 10-25L. ,/smallcase/mi30-WKIMO_0010, Weekend Investing
129,The Rising Superstars,2,33.73,45477,Med. Volatility,False,Multicap portfolio comprising of mid and small caps that are likely to graduate into largecaps,/smallcase/the-middle-class-businessmen-TEQNM_0001, Tequity Investing
130,NIFTY PROBABLES,1,22.01,24885,Low Volatility,False,Collection of Companies which have potential to enter into Nifty50 Index in the next 5-10 years.,/smallcase/nifty-probables-PVRAMO_0002, PVR Advisory
131,Happy Hours: Cheers to Good Times,1,35.39,50352,High Volatility,False,"An intelligent selection of potential beneficiaries of a rebound in leisure, travel & entertainment",/smallcase/happy-hours:-cheers-to-good-times-EHANM_0011, Ethical Advisers
132,Handpicked PSU Gems,2,25.99,84500,High Volatility,False,"Dominant, highly profitable and deeply undervalued PSUs",/smallcase/handpicked-psu-gems-EHAMO_0003, Ethical Advisers
133,MULTICAP WONDERS ,2,33.5,39141,Med. Volatility,False,"Companies experiencing growth with positive momentum.
",/smallcase/multicap-wonders-MGOMO_0001, Marketgoogly
134,Shariah - Mid Cap,1,27.21,183395,Med. Volatility,False,20 Mid Cap shariah-compliant stocks from 14 segments approved by contemporary Shariah scholars.,/smallcase/shariah-mid-cap-SNGMO_0004, SenSage
135,Wealth Maximizer,1,18.52,74011,Low Volatility,False,"Curated portfolio for age profile <35, invstmt horizon min 5-8yrs. High Risk High Return.",/smallcase/wealth-maximizer-MRGMO_0001, MRG Capital
136,Wright 💎 Quality [AUM Based],1,6.56,56881,Low Volatility,False,"High quality stocks - based on profitability, growth in profitability and safety.  Rec Amt > 1 lac",/smallcase/quality-minus-junk-WRTMO_0010, Wright Research
137,smartvalues - basic,1,5.19,27871,Low Volatility,False,"A smallcase of 4 momentum stocks equally weighted and selected from Nifty  50 index constituents. 
",/smallcase/bestreturns-basic-LMRMO_0001, Lamron Analysts
138,Dolphin,2,35.0,352054,Med. Volatility,False,"Dolphin is based on MarketSmith India's flagship screen of leading growth stocks, 'Growth50'.",/smallcase/dolphin-ALGMO_0003, Algosmith
139,AarnA Safe,2,17.93,2570,Med. Volatility,False,"AarnA Safe is a well diversified, Long-term ETF based portfolio.",/smallcase/aarna-safe-AAWEET_0001, Aarna Wealth
140,Omni Bullet Train,2,17.42,100000,High Volatility,False,"High speed rail corridors, Regional rapid transit & Metro networks are putting India on a fast track",/smallcase/omni-bullet-train-OMNMO_0006, Omniscience Capital
141,Zen Small & Mid Select,2,33.48,50000,Low Volatility,False,Up to 10 Select Stocks List having Upside Momentum Small Mid cap Portfolio. Per Stock allocation 10%,/smallcase/smallcap-strategy-10-SWERMO_0004, Zen Capital Equity Research
142,Guardian - Multi Cap,1,0.52,85393,Med. Volatility,False,"Objective:
1) Maximise your returns >15%
2) Minimise tax by reducing churn

over long term period",/smallcase/guardian-multi-cap-GCIAMO_0001, Gaurdian Capital
143,Quantamental - Q30,2,35.54,68944,High Volatility,False,"Quantitative Relative Momentum. 
Universe: NSE 750.  
Rebalanced monthly.",/smallcase/quantamental-q30-INSMO_0003, Intelsense
144,CAPITAL COMPOUNDERS,2,23.38,36407,Low Volatility,False,This smallcase has the potential to compound your investment wealth over long period of time.,/smallcase/capital-compunders-SYVMO_0004, Stayvan
145,VALUE DEALS,1,26.68,11281,High Volatility,False,Collection of Few Undervalued Companies that are Fundamentally Very Strong.,/smallcase/value-deals-PVRAMO_0003, PVR Advisory
146,Value & Momentum Smallcase (AUM based Fee),1,5.27,22204,Med. Volatility,False,25% CAGR over 3 years || upto 15 stocks (allcap) || suitable for 50k to 10L investment,/smallcase/value-and-momentum-picks-(aum-based-fee)-KUSMO_0003, Kushank Poddar
147,Alpha Core & Satellite,1,31.77,250000,Med. Volatility,False,A selection of competitive stocks that aim to give you superior risk adjusted returns.,/smallcase/alpha-core-and-satellite-RENMO_0001, Alpha Portfolios
148,Bluechip Citius - Aggressive ,1,18.18,6005,Low Volatility,False,Aggressive BLUE-CHIP Concentrated HIGH-RISK basket to out-perform NIFTY Index. Rec Size 2+ lacs,/smallcase/bluechip-citius-QUREMO_0003, Quantace Reseach
149,TOP 10 VALUE ,1,13.43,19010,High Volatility,False,TOP 10 Fundamental Picks which are at Decent Valuations and Good Future Potential. ,/smallcase/top-10-value-NOMMO_0002, Nooresh Merani
150,OPEN INTEREST- Growth Momentum,2,26.6,555,Low Volatility,False,Multi-cap portfolio for medium to long term investing. Stocks are held for 6 months to many years. ,/smallcase/open-interest-growth-momentum-SANMO_0001, Sana Securities
151,Conservative - Multi Factor Tactical [AUM Based],3,16.75,64135,Low Volatility,False,"Stable out-performance in all markets, for the low risk investor.  Rec Amt: 2-20 lac",/smallcase/conservative-multi-factor-tactical-WRTMO_0005, Wright Research
152,Long-Term Compounders,1,-1.86,103754,Med. Volatility,False,"A portfolio of 14-16 great cos. from different sectors with the potential to make huge wealth. 
",/smallcase/long-term-compounders-FIGMO_0001, Focus Investing
153,Bluechip Altius - Balanced,1,16.72,35033,Low Volatility,False,Quant BLUE-CHIP Stocks picked by Quantace to MAXIMIZE Return per Risk.  Rec Size : 5+ lac,/smallcase/bluechip-altius-QUREMO_0001, Quantace Reseach
154,PVR Wealth Growers 1,1,3.41,45400,Low Volatility,False,A Collection of Businesses possessing deep competitive moats. ,/smallcase/pvr-wealth-growers-1-PVRAMO_0004, PVR Advisory
155,TQ Ninja (1.0),1,34.55,45269,High Volatility,False,Non-Discretionary strategy to identify high momentum stocks from Nifty500 universe,/smallcase/tq_ninja-TUQAMO_0001, TurtleQuants
156,Quiver,1,20.19,500000,High Volatility,False,"Quiver is a collection of stocks, usually between 5-10, which are actively managed.",/smallcase/quiver-INSMO_0005, Intelsense
157,smartvalues - weighted,1,4.16,54000,High Volatility,False,A mix of Nifty 50 stocks weighted proportionate to their momentum profile,/smallcase/smartvalues-weighted-LMRMO_0002, Lamron Analysts
158,Marvel,2,34.36,69528,Med. Volatility,False,Marvel is all about selecting a long term compounders through detailed Research from the BSE500 to generate Alpha.,/smallcase/marvel-JNMMO_0001, Jainam
159,Momentum with safety,2,34.2,123385,Med. Volatility,False,The portfolio uses our inhouse  AI algorithm to generate high returns at lower risk.,/smallcase/momentum-with-safety-PRUMO_0001, Prudent Cap
160,Proinvest Nirmiti SIP,2,27.73,46421,Med. Volatility,False,"Invest in companies having enduring competitive advantage, strong cash flows & asset light business",/smallcase/proinvest-nirmiti-sip-PROMO_0001, Proinvest Nirmiti
161,SUN,1,27.89,42607,Low Volatility,False,"Core portfolio comprising of high quality, very large cap, large cap & emerging large cap companies.",/smallcase/sun-LAMMO_0001, LaMoksh
162,Small Cap Growth Strategy,2,51.81,500000,High Volatility,False,This Strategy has quality small cap stocks based on proprietary predictive analytics model.,/smallcase/smallcap-growth-strategy-VLSMO_0028, Value Stocks
163,Wealth Protector,1,8.77,180909,Low Volatility,False,"Curated portfolio for age 50+yrs, Invstmt horizon <2yrs. Low Risk & Medium Return.",/smallcase/wealth-protector-MRGMO_0003, MRG Capital
164,FtM - Value India,1,18.93,4735,Med. Volatility,False,Harness the power of AI to buy good companies that are temporarily undervalued,/smallcase/value-investing-BWEMO_0004, InvestorAi
165,The Prodigals,2,23.88,61029,Med. Volatility,False,A portfolio of small and midcap stocks who will  be the future leaders.,/smallcase/the-prodigals-CRWMO_0007, Creating Wealth
166,Index Advantage | Momentum Investing,1,30.76,104441,Low Volatility,False,Invest in stocks of the Nifty 500 which are in momentum with decent margin of safety | Rec Amt < 10L,/smallcase/craving-alpha-index-advantage-v2-(nifty-500)-CRALMO_0005, Craving Alpha
167,myMoneySage Premier Equity,1,12.4,300000,Med. Volatility,False,"The strategy is using a blend of value, growth & momentum to generate superior risk adjusted returns",/smallcase/mymoneysage-premier-equity-MMSMO_0002, myMoneySage
168,Moon,1,6.68,21558,Low Volatility,False,Portfolio of around 25 stocks drawn from largely from mid and small cap universe.,/smallcase/moon-LAMMO_0003, LaMoksh
169,XC Quant: Momentum,2,48.61,136719,Low Volatility,False,Momentum Portfolio of low-float stocks with clear upward trend,/smallcase/xc-momentum-XUMMO_0002, Xumit Capital
170,Promising Bluechips,2,36.29,75884,Med. Volatility,False,Companies having good fundamentals for long term investing.,/smallcase/promising-bluechips-MGOMO_0002, Marketgoogly
171,Value Investing Smallcase,1,24.28,700000,High Volatility,False,"The smallcase is focused on Value with Growth at a reasonable price, turnarounds, special situations",/smallcase/value-investing-portfolio-AURMO_0002, Aurum Capital
172,V.E.C Growth Explorer,1,29.52,50000,Med. Volatility,False,Capturing potential upside in companies seeing accelerating growth over medium to long term,/smallcase/v.e.c-growth-explorer-VECMO_0002, VEC Investments
173,ViniyogIndia 🚀 Momentum,1,35.93,125819,High Volatility,False,Momentum investing strategy. Suitable for aggressive investors,/smallcase/viniyogindia-momentum+-VIYIMO_0001, ViniyogIndia
174,Shariah - Large Cap ,1,14.44,199659,Med. Volatility,False,17 Large Cap shariah-compliant stocks from 14 segments approved by contemporary Shariah scholars.,/smallcase/shariah-large-cap-SNGMO_0005, SenSage
175,10X Aimers,1,6.54,50000,Med. Volatility,False,10X Aimers is a well-balanced and diversified portfolio of high-quality growth stocks,/smallcase/10x-aimers-HIAGMO_0001, Himank Agrawal
176,East Green Capital - Trend Following,2,44.95,249971,Med. Volatility,False,"We buy trending companies/sectors having growing businesses, using defined risk position sizes",/smallcase/egc-trend-following-EGCMO_0001, East Green Capital
177,The Crown Jewels,2,24.43,520093,Low Volatility,False,India Inc's crème de la crème businesses on a platter,/smallcase/the-crown-jewels-EHANM_0005, Ethical Advisers
178,India Healthcare Momentum,2,32.14,58319,Med. Volatility,False,Top 10 Indian Healthcare stocks ranked based on momentum and rebalanced monthly.,/smallcase/india-healthcare-momentum-FBCTR_0001, Flameback Capital
179,Earth,1,1.36,49247,Low Volatility,False,Portfolio of stocks with great potential for returns over a long period of time. Flexi cap strategy.,/smallcase/earth-LAMMO_0002, LaMoksh
180,Wealth Enhancer,1,7.67,72070,Low Volatility,False,"Curated portfolio for age profile 35-50Yrs,invstmt horizon min 4-6yrs. Medium Risk & Med-High Return",/smallcase/wealth-enhancer-MRGMO_0002, MRG Capital
181,Flameback Multi-Cap Momentum Factor,3,33.64,514839,Med. Volatility,False,Top 50 stocks that score high on momentum factor out of the universe of top 500 stocks.,/smallcase/flameback-multi-cap-momentum-factor-FBCMO_0004, Flameback Capital
182,Cherrypicked PSU Financials ,1,5.3,23829,High Volatility,False,"An ideal mix of public sector banks, insurance and Finserv companies, offering deep value.    ",/smallcase/cherrypicked-psu-financials-EHANM_0009, Ethical Advisers
183,Pharma & HealthCare Basket,2,16.67,56625,Med. Volatility,False,"A basket of Pharma Generics, APIs, Biologics, Hospital services and Diagnostic lab Companies.
",/smallcase/pharma-basket-CRWNM_0001, Creating Wealth
184,The Dark Horse Pack,1,16.39,40993,Low Volatility,False,"Out of favour stocks with the potential to rebound
",/smallcase/the-dark-horse-pack-EHANM_0006, Ethical Advisers
185,Frog,2,11.36,125757,High Volatility,False,"ALGO FROG follows CAN SLIM, an investment strategy by William O'Neil.",/smallcase/frog-ALGMO_0001, Algosmith
186,WCFA Long Term Equity Portfolio,1,9.37,28543,Med. Volatility,False,A blend of Value and Growth stocks aiming capital appreciation over a long period of time. ,/smallcase/wcfa-long-term-equity-portfolio-WECMO_0001, Wealth Creators
187,Shariah - Chemical & Agri ,1,31.31,311893,Low Volatility,False,11 Chemicals & Agri  liquid and investible good shariah-compliant stocks for observant Muslims.,/smallcase/shariah-chemical-and-agri-SNGTR_0001, SenSage
188,Quantamental - Q10,1,17.07,90952,Med. Volatility,False,Quantitative Absolute Momentum. All Cap subject to high liquidity filter.  Rebalanced weekly. ,/smallcase/q10-INSMO_0004, Intelsense
189,ViniyogIndia 🏃‍♀️ Multifactor,1,23.98,95353,Low Volatility,False,"Multifactor, multi-asset portfolio for aggressive investors",/smallcase/aggressive-multifactor-core-VIYIMO_0004, ViniyogIndia
190,Sector Advantage,2,40.35,184525,High Volatility,False,Invest in undervalued companies across major growth sectors of the India Story,/smallcase/craving-alpha-sector-advantage-CRALMO_0002, Craving Alpha
191,21G Balanced Fund⚖️,1,3.79,1748,Low Volatility,False,"Invest it Right - Hedge it Right! Low risk portfolio with equity, gold and silver ETF's.",/smallcase/21g-balanced-etf-fund-TGIMO_0006, 21G Investments
192,Value & Momentum Smallcase (Flat Fee),1,5.33,22204,Med. Volatility,False,25% CAGR over 3 years || upto 15 stocks (allcap) || suitable for 10L+ investment,/smallcase/value-and-momentum-picks-(flat-fee)-KUSMO_0004, Kushank Poddar
193,The Wisdom Portfolio ,2,15.0,145862,Med. Volatility,False,Equal weighted portfolio in which we make wise stock picks by following a sector rotation strategy. ,/smallcase/the-wisdom-portfolio-SOLMO_0001, SolomonInvestments 
194,HITPICKS,1,1.95,31825,Med. Volatility,False,The focus is on identifying short-to-medium term trends in stocks using Technofunda concepts.,/smallcase/hitpicks-INSMO_0006, Intelsense
195,ActiveQuant Large & Mid Cap,1,8.65,51914,Low Volatility,False,A Large & Mid Cap portfolio aiming for  outperformance by selecting stocks with very high QPS scores,/smallcase/active-quant-large-and-mid-BRMOMO_0009, BridgeMonte
196,Opportune Blue Chip Equity ,1,17.21,97390,Med. Volatility,False,"Invest in high governance, quality businesses for your long term goals ",/smallcase/opportune-blue-chip-equity-OPPMO_0002, Opportune Wealth
197,Balanced,3,14.58,169028,Med. Volatility,False,An actively managed portfolio that invests in large and medium size growth oriented companies.,/smallcase/balanced-QOVMO_0003, Qovar Advisors
198,Cubit,1,-0.32,1000000,Low Volatility,False,Growth Investing | Quantamental Diversified-equity | Multi-cap Universe | Monthly Review,/smallcase/sapien-cubit-MODMO_0003, Modulor Capital
199,Formidable Dozen Plus (FD+) ,2,20.17,250000,Med. Volatility,False,Generate higher than Fixed Income returns by investing in a portfolio of select 12 mega-cap stocks,/smallcase/formidable-dozen-plus-(fd+)-by-piper-serica-PSRNM_0001, Piper Serica
200,MWG Smart Alpha (Fixed),2,22.71,146976,Med. Volatility,False,Identifying Wealth Creators to generate Alpha. Multi-factor Quantitative strategy (Rec Size 5-10L),/smallcase/quant-alpha-fixed-MWGMO_0002, My Wealth Guide
201,Financial Services Powerpack,2,35.08,109481,High Volatility,False,"Financials have corrected to a great extent in the recent meltdown, providing an excellent entry ",/smallcase/financial-services-powerpack-EHAMO_0001, Ethical Advisers
202,Palm,1,6.85,1000000,Med. Volatility,False,Value Investing | Quantamental Diversified-equity | Multi-cap Universe | Monthly Review,/smallcase/sapien-palm-MODMO_0004, Modulor Capital
203,Steady,3,15.02,162438,Med. Volatility,False,"A portfolio that invests in large, growth oriented companies with strong fundamentals. Maintains relatively low portfolio risk.  ",/smallcase/steady-QOVMO_0002, Qovar Advisors
204,Aggressive,3,16.85,108657,Med. Volatility,False,A portfolio that invests in high-growth companies with sound fundamentals.,/smallcase/aggressive-QOVMO_0004, Qovar Advisors
205,Flameback Large Cap Momentum Factor ,3,14.54,131100,Med. Volatility,False,Top 15 stocks that score high on momentum factor out of a universe of top 100 stocks by market cap.,/smallcase/flameback-large-cap-momentum-factor-FBCMO_0003, Flameback Capital
206,TrendlineZ Balanced,3,19.8,157144,Low Volatility,False,A conservative strategy with dynamic asset allocation between equity and debt.,/smallcase/trendlinez-balanced-TRLMO_0003, Trendlinez
207,Mystic Wealth Value (MWV),3,27.97,32323,Low Volatility,False,MWV is the Value based Model portfolio sniffing inefficiencies in SpinOffs.,/smallcase/mystic-wealth-value-(mwv)-MWNM_0003, Mystic Wealth
208,Tamohara Long Term Equity Strategy ,3,22.95,1000000,Med. Volatility,False,Generating alpha by identifying pool of small and mid size companies. ,/smallcase/tamohara-long-term-equity-strategy-TMHMO_0002, Tamohara
209,ESG Core Portfolio,3,14.07,167279,Med. Volatility,False,"Safeguarding environmental, social and governance concerns along with share holder value creation",/smallcase/esg-core-portfolio-LTDNM_0001, Lotusdew Wealth
210,TrendlineZ Value,2,20.99,78889,Low Volatility,False,A strategy which aims to invest in fundamentally strong companies at discounted prices.				,/smallcase/trendlinez-value-TRLMO_0004, Trendlinez
211,Tamohara India Opportunities Strategy,2,18.5,1000000,Med. Volatility,False,MULTICAP STRATEGY,/smallcase/tamohara-india-opportunities-strategy-TMHMO_0003, Tamohara
212,Sapient Wisdom Allcap Tamohara Strategy ,2,14.98,1000000,Med. Volatility,False,"Sapient Wisdom Allcap Tamohara (SWAT) Strategy is a long only, benchmark agnostic strategy",/smallcase/sapient-wisdom-allcap-tamohara-strategy-SPTMO_0001, Sapient-Tamohara
213,Gulaq Gear 3,2,20.86,80000,Low Volatility,False,"Growth oriented portfolio suited for Conservative to Moderate investors (40% Equity, 60% Debt ETF)",/smallcase/estee-long-alpha-lite-(gear-2)-ESTMO_0003, Estee
214,The Dependables!,2,34.11,214881,Med. Volatility,False,"Great businesses whose share prices have corrected significantly, and offer value for medium to long term investors.",/smallcase/the-dependables!-EHANM_0002, Ethical Advisers
215,Auto Pack: Stepping Up the Gear ,2,35.92,114549,Low Volatility,False,A well researched portfolio of auto sector companies that stand to gain from demand recovery ,/smallcase/auto-pack:-stepping-up-the-gear-EHAMO_0002, Ethical Advisers
216,Tamohara NxT Multicap Strategy (NxT),2,23.66,1000000,Med. Volatility,False,"Tamohara
NxT Multicap Strategy (TNMS) focuses on investing in 15 20 high quality businesses",/smallcase/tamohara-nxt-multicap-strategy-(nxt)-TNXMO_0001, TAMOHARANXT
217,Tamohara SIP Portfolio,2,24.8,47372,Med. Volatility,False,SIP Portfolio,/smallcase/tamohara-sip-portfolio-SPTMO_0005, Sapient-Tamohara
218,Tamohara SIP Portfolio,2,24.76,47372,Med. Volatility,False,SIP Portfolio,/smallcase/tamohara-sip-portfolio-TNXMO_0002, TAMOHARANXT
219,AskTheWiseGuy Passive Fund,2,15.06,15934,Low Volatility,False,Dynamic Asset Allocation in ETFs,/smallcase/askthewiseguy-passive-fund-TRLET_0002, Trendlinez
220,Elephant,2,31.4,191713,Med. Volatility,False,Designed to uncover stock ideas based on the winning investment strategies of stock market legends,/smallcase/elephant-ALGMO_0002, Algosmith
221,Turtle Value,2,28.48,194278,Med. Volatility,False,Turtle Value is low volatility portfolio of value stocks selected based on our proprietary metrics.,/smallcase/turtle-value-ALGMO_0004, Algosmith
222,Turtle Growth,2,19.44,112448,Low Volatility,False,Turtle Growth is low volatility portfolio of growth stocks selected based on our proprietary metrics,/smallcase/turtle-growth-ALGMO_0005, Algosmith
223,Proinvest Nirmiti,2,25.85,500000,Med. Volatility,False,"Invest in companies having enduring competitive advantage, strong cash flows & asset light business",/smallcase/proinvest-nirmiti-PROMO_0002, Proinvest Nirmiti
224,FinEdge360 Handpick Stocks,2,20.69,91543,Med. Volatility,False,Consist of top 14 fundamental strong stocks for budget-friendly investment strategy.,/smallcase/finedge360-handpick-stocks-FEGMO_0002, FinEdge360
225,MWG Smart Alpha,2,21.52,500000,Med. Volatility,False,Identifying Wealth Creators to generate Alpha. Multi-factor Quantitative strategy.,/smallcase/quant-multicap-MWGMO_0001, My Wealth Guide
226,Crown Jewels: AH,2,27.08,172759,Med. Volatility,False,.,/smallcase/crown-jewels:-ah-EHANM_0004, Ethical Advisers
227,TBNG Wealth Balanced,2,14.62,500000,Low Volatility,False,This is a multi-asset ETF portfolio to generate long term wealth with limited downside.,/smallcase/tbng-wealth-balanced-TMET_0005, TBNG Capital Advisors
228,TBNG Wealth Maximizer,2,16.33,100000,Low Volatility,False,This is a multi-asset ETF portfolio with geographic diversification.,/smallcase/tbng-wealth-maximizer-TMET_0006, TBNG Capital Advisors
229,Momentum with safety V2,2,37.6,73381,Med. Volatility,False,The portfolio is designed to select stocks with high momentum at relatively lesser risk. ,/smallcase/momentum-with-safety-v2-PRUMO_0002, Prudent Cap
230,Zen Multicap Select,2,21.33,34275,Low Volatility,False,Up to 10 Select Multi-Cap Stocks having upside Momentum ,/smallcase/multicap-momentum-10-SWERMO_0005, Zen Capital Equity Research
231,myMoneySage SMART,2,11.76,145232,Med. Volatility,False,This model portfolio is best suited to generate superior risk adjusted returns for DIY investors ,/smallcase/mymoneysage-smart-MMSMO_0001, MyMoneySage
232,Better than FD,1,7.65,3506,Low Volatility,False,"Collection of few ETF's across different asset classes like Equity, Gold & Debt.",/smallcase/better-than-fd-PVRAET_0001, PVR Advisory
233,Selected Seven Growth Stocks,1,18.0,9440,Med. Volatility,False,This smallcase is started with selected seven stocks that were accumulated at lower price,/smallcase/growth-stocks-case-1-SUSHMO_0001, SUMAN SHANDIL
234,Large Cap Growth Strategy,2,14.47,500000,Med. Volatility,False,This Strategy has quality Large Cap stocks based on our proprietary predictive analytics model.,/smallcase/largecap-growth-strategy-VLSMO_0026, Value Stocks
235,Mid Cap Growth Strategy,2,34.97,500000,Med. Volatility,False,This Strategy has quality mid cap stocks based on proprietary predictive analytics model.,/smallcase/midcap-growth-strategy-VLSMO_0027, Value Stocks
236,FinEdge360 All Weather ,1,2.69,38649,Med. Volatility,False,Fundamentally strong companies with asset allocation for a moderate investor.,/smallcase/finedge360-all-weather-FEGMO_0003, FinEdge360
237,AarnA Growth,1,18.92,32786,Med. Volatility,False,"AarnA Growth is Aarna’s model stock portfolio, comprising of fundamentally strong stocks in uptrend.",/smallcase/aarna-growth-AAWEMO_0002, Aarna Wealth
238,Omni Belief Compliant Strategy (BCS-I),1,11.26,100000,Med. Volatility,False,A SuperNormal Portfolio of Belief Compliant and Socially Responsible investing strategy,/smallcase/omni-values-based-strategy-i-(vbs-i)-OMNNM_0005, Omniscience Capital
239,NIFTY DIAMONDS,1,7.75,29403,Med. Volatility,False,Collection of a few companies in NIFTY50 Index & Tactical Allocation to GOLD.,/smallcase/nifty-diamonds-PVRAMO_0001, PVR Advisory
240,Fundastick,1,1.91,29738,Med. Volatility,False,Fundamentally strong companies having sustainable business models and/or competitive moats. ,/smallcase/fundastick-FUSTMO_0001, Fundastick
241,ViniyogIndia ⚖ Balanced,1,31.68,121110,Low Volatility,False,"Multifactor, multi-asset core portfolio for moderate investors",/smallcase/dynamic-multifactor-core-VIYIMO_0002, ViniyogIndia
242,ViniyogIndia ☔ All Weather,1,27.39,126665,Low Volatility,False,"Multifactor, multi-asset portfolio for conservative investors",/smallcase/balanced-multifactor-core-VIYIMO_0003, ViniyogIndia
243,PEARL - Largecap Growth Strategy ,1,17.76,250000,Med. Volatility,False,"Top 100 cos | Hi ROE, ROA, Growth, Low Debt, Mkt Share | Prime Equities ~ Algo Research ~ Largecaps",/smallcase/jamawealth.com-pearl:-largecap-compounder-strategy-SGTPMO_0001, JamaWealth.com
244,CJ: RP,1,16.19,175956,Med. Volatility,False,.,/smallcase/cj:-rp-EHANM_0007, Ethical Advisers
245,MWG Compounder,1,16.5,2500000,Low Volatility,False,Long-Term Strategy to Identifying Wealth Compounders. Multi-factor Quantitative strategy.,/smallcase/mwg-balanced-MWGMO_0003, My Wealth Guide
246,Omni Super Assets - Multi-Asset Portfolio,1,15.28,500000,Low Volatility,False,All-Asset Portfolio for All-Season Investing,/smallcase/omni-superassets-multi-assets-portfolio-OMNMO_0007, Omniscience Capital
247,Long term Wealth Creation,1,22.19,64892,Low Volatility,False,"Stocks picked with a long term view, compounders",/smallcase/long-term-wealth-creation-PLIAMO_0001, Plutus Investment Advisors
248,Momentum Trending,1,15.3,28111,Low Volatility,False,"We select stocks based on share price momentum, volume and cross check it with fundamentals",/smallcase/momentum-trending-PLIAMO_0002, Plutus Investment Advisors
249,CJ:DK,1,17.51,176053,Med. Volatility,False,.,/smallcase/cj:dk-EHANM_0008, Ethical Advisers
250,SenSage i25,1,7.01,500000,Med. Volatility,False,"25 Large Cap shariah-compliant stocks picked by Shabbir for HNIs and Trusts, Waqfs and NGOs.",/smallcase/sensage-i25-SNGMO_0006, SenSage
251,Shariah ESG ,1,11.57,200000,Med. Volatility,False,11 Large Cap ESG Sector Leaders shariah-compliant stocks,/smallcase/shariah-esg-SNGNM_0002, SenSage
252,Zen Multicap Focused,1,17.64,120000,Low Volatility,False,Up to 25 Multi-Cap Stocks with upside Momentum ,/smallcase/mm25-(multicap-25)-SWERMO_0006, Zen Capital Equity Research
253,Zen Multicap Diversified,1,19.84,150000,Low Volatility,False,Up to 50 Stocks Multi-Cap list with upside Momentum ,/smallcase/mm50-(multicap-50)-SWERMO_0007, Zen Capital Equity Research
254,Opportune Emerging Opportunities,1,16.56,147108,Med. Volatility,False,Small steps to big returns!,/smallcase/opportune-emerging-opportunities-OPPMO_0001, Opportune Wealth
255,ActiveQuant Large Cap,1,22.7,46943,Low Volatility,False,A LargeCap portfolio aiming for market outperformance by selecting stocks with very high QPS scores,/smallcase/active-quant-l-BRMOMO_0008, BridgeMonte
256,ActiveQuant Mid & Small Cap,1,21.69,44922,Low Volatility,False,A Mid & Small Cap portfolio aiming for outperformance by selecting stocks with very high QPS scores,/smallcase/active-quant-mid-and-small-BRMOMO_0010, BridgeMonte
257,XC Quant: Dividends,1,11.81,19430,Med. Volatility,False,Basket of Stocks that have high dividend and sustainable yields,/smallcase/xc-high-dividend-yield-XUMNM_0002, Xumit Capital
258,SR200,1,15.55,69477,High Volatility,False,Momentum Investing with Nifty 200 stock,/smallcase/ls200-LOSEMO_0001, Lokesh Sethia
259,iQoniQ,1,10.84,185968,Med. Volatility,False,A passive investment strategy with a mix of Quant and Quality.,/smallcase/iqoniq-JNMMO_0002, Jainam
260,XC Quant: Valuation,1,10.57,78859,High Volatility,False,"Basket of stocks with Value Investing as a core investment philosophy, build w/ quantitative methods",/smallcase/xc-value-portfolio-XUMNM_0003, Xumit Capital
261,Pickright Hidden Gems,1,14.76,39222,Med. Volatility,False,"Exp CAGR 16%+, Suitable for 5 yr + Holding. Dynamic allocation ,12-15 Stcoks may include LIQUIDBEES",/smallcase/pr-hidden-gems-PKRMO_0001, Pickright
262,Zen Small & Mid Diversified,1,3.44,150000,High Volatility,False,Up to 50 Stocks Momentum Small & Mid Cap,/smallcase/sm50-(-small-and-mid-50-)-SWERMO_0010, Zen Capital Equity Research
263,MWG ESG (AUM),1,-1.87,500983,Med. Volatility,False,Best Large Cap ESG compliant stocks. Sustainability generates higher alpha with lower risk.,/smallcase/mwg-esg-MWGNM_0001, My Wealth Guide
264,MWG ESG,1,-1.47,83936,Med. Volatility,False,Best Large Cap ESG compliant stocks. Higher alpha with lower risk. (Rec Size 5-10L),/smallcase/mwg-esg-(fixed-fee)-MWGNM_0002, My Wealth Guide
265,Digit,1,-0.72,1000000,Low Volatility,False,Sentiment Investing | Quantamental Diversified-equity | Multi-cap Universe | Weekly Review,/smallcase/sapien-digit-MODMO_0002, Modulor Capital
266,Platinum Wealthemoji,1,16.25,37804,Med. Volatility,False,Platinum Wealthemoji -Long-term Portfolio for Wealth creation with Indian growing sectors,/smallcase/platinum-wealthemoji-WEEMNM_0001, Wealthemoji LLP
267,FinanceKings  |MIX LARGE-MID-SMALL CAP,1,2.31,29160,Med. Volatility,False,"FinanceKings, backbone of Indian Economy consist of mix of large, Medium and Small cap|",/smallcase/kings-of-financials-ormix-large-mid-small-cap-WEEMNM_0004, Wealthemoji LLP
268,Alpha 11,1,10.07,81670,Med. Volatility,False,Investing in leaders of Indian equity markets which provide sustainable growth to their business. ,/smallcase/alpha-11-JNMMO_0003, Jainam
269,SR 500,1,2.29,123482,High Volatility,False,LS 500 IS FOR A MULTI-CAP PORTFOLIO. ,/smallcase/ls-500-LOSEMO_0002, Lokesh Sethia
270,XC Pure Alpha Strategy,1,24.1,8831,High Volatility,False,Long-term portfolio build on pure fundamental analysis and that creates consistent alpha,/smallcase/xc-pure-alpha-strategy-XUMMO_0003, Xumit Capital
271,Shariah - Pharma ,1,-15.64,198696,Med. Volatility,False,10 Pharma liquid and investible good shariah-compliant stocks for observant Muslims. + 1 ETFs,/smallcase/shariah-pharma-SNGTR_0003, SenSage
272,Bluechip Fortius - Conservative,1,9.34,85902,Low Volatility,False,Quant Conservative BLUE-CHIP basket designed with less risk for out-performance. Rec Size: 3+ lac,/smallcase/bluechip-fortius-QUREMO_0002, Quantace Reseach
273,NIFTY Next 50 Citius-Junior Aggressive,1,0.24,53248,Low Volatility,False,Aggressive Concentrated HIGH-RISK basket to out-perform Nifty Next 50. Rec Size 2 to 15 lakhs,/smallcase/nifty-next-50-citius-QUREMO_0004, Quantace Reseach
274,NIFTY Next 50 Fortius-Junior-Conservative,1,-4.8,104976,Low Volatility,False,Conservative Next50 Basket designed with less risk for out-performance. Rec Size 3-20 lakhs,/smallcase/nifty-next-50-fortius-QUREMO_0005, Quantace Reseach
275,NIFTY Next 50 Altius-Junior-Balanced,1,-6.51,67372,Low Volatility,False,Next 50 Stocks picked by Quantace to MAXIMIZE Return per Risk. Rec Size : 5-25 lakhs,/smallcase/nifty-next-50-altius-QUREMO_0006, Quantace Reseach
276,Evergreen SAVE,1,8.51,25000,Low Volatility,False,"Create wealth using dynamic asset algorithm with equities, gold and debt - LOW VOLATILITY approach",/smallcase/galactic-evergreen-save-MODET_0001, Modulor Capital
277,Evergreen GROW,1,6.97,25000,Low Volatility,False,"Create wealth using dynamic asset algorithm with equities, gold and debt - BALANCED approach",/smallcase/galactic-evergreen-grow-MODET_0003, Modulor Capital
278,Eka Capital India Opportunities,1,13.41,142971,Med. Volatility,False,"Fundamentally, driven bottom up investment strategy. Flexible and opportunistic. ",/smallcase/eka-capital-india-opportunity-EKAMO_0001, Eka Capital
279,Top 10 Techno Funda ,1,28.27,17093,High Volatility,False,Top 10 Stocks based on a Mix of Technical Analysis and Fundamental Analysis. ,/smallcase/top-10-techno-funda-NOMMO_0001, Nooresh Merani
